gene	Arterial	Astro	Axo-axonic	CA1	CA2-3	Choroid	DG	EXC	Endo	Ependymal	Habenula	INH	L2	L2/3	L3	L4/5	L5	L6	MSN	Microglia	Non-border	OPC	Oligo	Pericytes	Thal-Hind	VLMC
2010300C02Rik	0.0016786	0.0055935	0.0056227	0.019133	0.015516	0.0063955	0.019134	0.0038027	0.0047964	0.011377	0.0019631	0.0054063	0.013274	0.015088	0.012414	0.01392	0.012881	0.012565	0.016618	0.00751	0.0069101	0.0057969	0.0037578	0.0038193	0.0021061	0.0024344
Acsbg1	0.0071866	0.026068	0.0035559	0.002965	0.0046733	0.00062828	0.0031365	0.0028343	0.0094789	0.0071625	0.0060323	0.0039813	0.0033831	0.0033885	0.0044811	0.005123	0.0030831	0.0026043	0.0029922	0.0088899	0.0039404	0.0060484	0.0074236	0.0090195	0.0036715	0.0093729
Acta2	0.016084	0.0010847	0.0014764	0.001769	0.0022406	0.0021663	0.0013463	0.0014315	0.0010215	0.011911	0.0010357	0.0015158	0.0018674	0.0016886	0.0023619	0.0012261	0.0016083	0.0016413	0.0017818	0.001017	0.001422	0.0011171	0.001049	0.0037492	0.0010186	0.0047103
Acvrl1	0.016812	0.00059373	0.0002103	0.00029234	0.00050827	0.0043161	0.00020121	0.00023394	0.02286	0.00079746	0.00042552	0.00024502	0.00041775	0.00023951	0.00049	0.00039515	0.0006902	0.00028077	0.000245	0.0034817	0.00022188	0.00052372	0.00087341	0.009366	0.00027405	0.0041702
Adamts2	0.0021958	0.0013166	0.00042408	0.0018819	0.00044563	0.00023408	7.8026e-05	0.0034031	0.00049512	0.0020504	0.0011551	0.0050878	0.0025429	0.0020271	0.00018195	0.00015408	0.0029117	0.0012108	0.00099325	0.00068273	0.00043567	0.0011277	0.0057607	0.00050774	0.002884	0.0067522
Adamtsl1	0.00055773	0.00064252	0.00080759	0.00032264	0.0024763	0.0127	0.00029848	0.0018053	0.00047439	0.0027836	0.00097695	0.0017168	0.0042236	0.0026389	0.00036408	0.00047082	0.00075754	0.0029145	0.0015853	0.00067171	0.0021655	0.0013916	0.016406	0.00064329	0.00065188	0.0028485
Adgrl4	0.016663	0.0012372	0.00047912	0.00042993	0.00073228	0.0035149	0.00039654	0.00040185	0.027622	0.00073831	0.00046825	0.0005278	0.00041103	0.00041108	0.0005012	0.00057754	0.00036278	0.00033694	0.00046261	0.0022291	0.00039783	0.0011663	0.0017605	0.011037	0.00038105	0.0020514
Aldh1a2	0.01213	0.00038291	0.00025737	0.00027497	0.00025695	0.00068894	0.0001703	0.00024566	0.00037809	0.00093093	0.00034712	0.00038488	0.00022666	0.00032303	0.00015893	0.00014102	0.00017062	0.0001755	0.00016111	0.00042653	0.0003923	0.00027476	0.00034288	0.00065665	0.00022039	0.020278
Angpt1	0.0059562	0.0057251	0.0013378	0.00084285	0.0022706	0.0019811	0.0017838	0.0045581	0.0012409	0.0026021	0.0035311	0.0025091	0.0023994	0.0029545	0.00052962	0.00091243	0.0020507	0.001981	0.00080867	0.0014225	0.0026574	0.002269	0.0017615	0.0031707	0.00063712	0.0061184
Ano1	0.0056657	0.00076483	0.00027115	0.00016137	0.00028586	0.00065103	0.0001532	0.00012583	0.00087217	0.00053773	0.010006	0.00034846	7.9693e-05	0.0001064	5.7772e-05	7.6544e-05	9.6837e-05	7.9074e-05	0.0001141	0.00035567	0.00021384	0.00050851	0.00048975	0.018628	0.00017164	0.0016466
Aqp4	0.00789	0.025057	0.001701	0.0013351	0.002241	0.0012614	0.0016095	0.0020139	0.0059274	0.020019	0.0098698	0.0026162	0.0016372	0.0017548	0.0016507	0.0020206	0.0014671	0.0014611	0.0021277	0.0052408	0.002144	0.0038799	0.0060467	0.005737	0.0035841	0.012381
Arc	0.0012607	0.0055442	0.0049669	0.015801	0.010915	0.00034323	0.0020055	0.00076837	0.0054942	0.0013724	0.0028987	0.0020262	0.0082786	0.0071286	0.014021	0.015267	0.011973	0.013251	0.0059329	0.0076115	0.0044789	0.0041605	0.012512	0.0044612	0.010304	0.0017062
Arhgap12	0.0062135	0.010062	0.0073685	0.016755	0.003607	0.014233	0.0092152	0.011187	0.006907	0.009394	0.0069398	0.0096424	0.0055266	0.0037189	0.0070343	0.0022789	0.0041273	0.0025208	0.0061707	0.012015	0.0071589	0.00702	0.0087915	0.0068759	0.0048864	0.0086163
Arhgap25	0.0030563	0.00085703	0.00066665	0.0003922	0.0023593	0.0010329	0.000345	0.00039891	0.0043777	0.00089453	0.00035909	0.00042625	0.00065994	0.00059289	0.00044317	0.00051296	0.0048467	0.0094108	0.00058286	0.015426	0.00046377	0.0008367	0.0014547	0.0018286	0.00070537	0.0019884
Arhgap6	0.0042138	0.0020352	0.0026472	0.0010412	0.001633	0.0018394	0.0015289	0.0022026	0.0022823	0.0041782	0.0011064	0.0046379	0.006082	0.0054112	0.0014762	0.0014235	0.0015356	0.0010827	0.010054	0.0022338	0.0041201	0.0022574	0.0023484	0.011781	0.0051543	0.0041147
Arhgef28	0.0039794	0.0053228	0.0023133	0.012224	0.013453	0.0067746	0.012245	0.0055534	0.0050163	0.0051593	0.0055574	0.0054317	0.0084658	0.0088247	0.0010199	0.0028775	0.0044648	0.0060338	0.0055211	0.0027448	0.0075924	0.0070497	0.017361	0.0025411	0.00069935	0.0028112
Bcl11b	0.00066173	0.0026619	0.0084748	0.017203	0.0064785	0.00032702	0.016841	0.0009336	0.0020838	0.0015865	0.0028508	0.0029888	0.0078851	0.0071105	0.00058223	0.00072283	0.0077134	0.010809	0.014284	0.0035632	0.0077813	0.0036552	0.0022421	0.0016368	0.00031934	0.0014149
Bdnf	0.00044768	0.0020727	0.0013567	0.010719	0.013689	0.00023047	0.012025	0.006185	0.0012673	0.00032253	0.00069889	0.0050006	0.0064585	0.0078192	0.0096354	0.0068896	0.0076528	0.0040695	0.00023394	0.0023371	0.0017081	0.0017705	0.0012742	0.0010586	0.00030614	0.00066665
Bhlhe22	0.0018025	0.0033921	0.0031453	0.0099447	0.0146	0.00073521	0.018156	0.0026971	0.0030739	0.00074654	0.0015152	0.0017784	0.010636	0.012772	0.0046574	0.010018	0.0061234	0.0020578	0.00044327	0.0048068	0.004647	0.0049244	0.0025228	0.0071069	0.00034193	0.0016951
Bhlhe40	0.0075776	0.02382	0.0063597	0.014313	0.0070545	0.0095883	0.015095	0.012943	0.010526	0.010459	0.0061244	0.0074738	0.011247	0.011763	0.014479	0.014883	0.010239	0.0069519	0.011059	0.0070215	0.0060914	0.0086685	0.0094465	0.0081071	0.0060649	0.0093678
Btbd11	0.00081243	0.0022838	0.012595	0.00067362	0.00059701	0.002101	0.00055942	0.011718	0.0013923	0.0041096	0.010361	0.0094583	0.0016743	0.0016403	0.00066975	0.00075151	0.0011749	0.00069194	0.0015293	0.0017117	0.011628	0.0031432	0.0022766	0.0018008	0.01521	0.0013068
Cabp7	0.0013252	0.004842	0.0028775	0.015608	0.019325	0.00053874	0.014208	0.0012147	0.0033546	0.0014162	0.0052039	0.0045594	0.0040144	0.0028205	0.0023452	0.0010788	0.0037418	0.0043981	0.00086965	0.0050754	0.0027191	0.0040903	0.0041628	0.0029374	0.0014923	0.0017985
Cacna2d2	0.00089954	0.0065034	0.013498	0.00080568	0.00077585	0.0058306	0.00055273	0.0081107	0.0017192	0.003591	0.015046	0.01245	0.00093578	0.0020459	0.00095347	0.00079738	0.0029673	0.0019578	0.01402	0.0021876	0.0028202	0.0049697	0.0025791	0.0015568	0.015801	0.0018012
Calb1	0.0012133	0.0039791	0.010267	0.011347	0.00096889	0.0006153	0.017791	0.012283	0.0033093	0.010423	0.0039854	0.005832	0.0074364	0.012932	0.0006558	0.010331	0.0028466	0.0024199	0.0095841	0.0049855	0.005153	0.0042314	0.0030906	0.0025529	0.0010911	0.0018365
Calb2	0.0011521	0.0031283	0.0029609	0.00064637	0.00071747	0.00028792	0.0018317	0.007917	0.0021423	0.0017521	0.013314	0.011134	0.0038433	0.0014617	0.00063169	0.00056276	0.00053724	0.00043663	0.0010358	0.0023975	0.0061223	0.0059581	0.0030127	0.00188	0.00097674	0.0014405
Car4	0.0060193	0.0026502	0.0038071	0.01354	0.014116	0.0024969	0.011418	0.0083224	0.022392	0.001188	0.0050357	0.0011238	0.0072108	0.012048	0.017464	0.014918	0.0050494	0.0023546	0.0014833	0.00487	0.0098388	0.0033207	0.0032597	0.025087	0.0011005	0.0021436
Carmn	0.011308	0.00088941	0.0003897	0.00045945	0.00050727	0.0026318	0.00033054	0.00039891	0.00072872	0.0016466	0.00074599	0.00053492	0.0004112	0.000388	0.00043096	0.00045473	0.0004509	0.00055182	0.00061508	0.00078929	0.00044235	0.00066875	0.0019424	0.024985	0.0008572	0.0089466
Cbln1	0.00020143	0.00060817	0.00027108	0.00033355	0.00087359	9.5083e-05	0.00010895	0.0027425	0.00049631	0.00033324	0.0050816	0.0042817	0.00071582	0.00043825	0.016583	0.00030589	0.003053	0.002001	0.00028362	0.00065908	0.00030167	0.001199	0.00093145	0.00042363	0.00021901	0.00034898
Cbln4	0.00032189	0.0010995	0.0032433	0.00040623	0.00029417	0.0001734	0.00013426	0.0037707	0.00093423	0.00061004	0.0088712	0.006929	0.0049139	0.0030008	0.0010953	0.0083662	0.0023394	0.0015641	0.005166	0.001495	0.0021787	0.0014112	0.0010371	0.000765	0.00084984	0.00046301
Cd24a	0.0047443	0.0011975	0.002851	0.0089698	0.0037707	0.010044	0.0037789	0.005344	0.0024511	0.02319	0.0028343	0.0042999	0.0026615	0.005317	0.0093674	0.0075027	0.0050451	0.0013942	0.0057647	0.0014812	0.0048496	0.0020606	0.0012107	0.0014945	0.0088907	0.0017611
Cd300c2	0.0011373	0.0005028	0.00077688	0.00042204	0.0003006	0.00098455	0.00040322	0.00020367	0.00067635	0.00061806	0.00034124	0.00024295	0.00026922	0.00033281	0.0002188	0.00027127	0.00024796	0.00026073	0.00035082	0.022386	0.0003049	0.00049396	0.00092152	0.00085094	0.00018296	0.002989
Cd44	0.0014393	0.0027123	0.00043312	0.00018515	0.00034562	0.0015912	0.00020781	0.0024608	0.00048952	0.0061491	0.0016104	0.00060139	0.00063715	0.00040504	0.00030017	0.00081746	0.00054423	0.0016047	0.00028323	0.00093519	0.000315	0.00043629	0.00091015	0.00070552	0.00012016	0.0039531
Cd53	0.0020542	0.00086315	0.00065075	0.0004864	0.00034332	0.0015175	0.00064753	0.00034692	0.0012988	0.00096157	0.000743	0.00045873	0.0005055	0.00063837	0.00057429	0.00052501	0.00053175	0.00039815	0.0005502	0.026192	0.00069253	0.00076815	0.0015219	0.001681	0.00029477	0.0048055
Cd68	0.0028439	0.0019535	0.0013697	0.0014285	0.0012508	0.0018173	0.0018073	0.0012682	0.0013826	0.0020875	0.00086931	0.0014752	0.0020337	0.0022831	0.0038768	0.0014406	0.001823	0.0016283	0.0040116	0.022878	0.0010574	0.0019486	0.0026071	0.0018378	0.00073573	0.0052706
Cd93	0.015306	0.00041919	0.00014511	0.00023277	0.00047081	0.0037235	0.0001601	0.0001314	0.018189	0.00038906	0.00041263	0.00017024	0.00017756	0.00016155	0.00013516	0.00022075	0.00017536	0.00014192	0.00010733	0.00080637	0.00015949	0.00037801	0.00057615	0.0058543	0.00026839	0.0026609
Cdh13	0.003985	0.003764	0.012044	0.0011664	0.0033484	0.00054825	0.0058616	0.010663	0.0034329	0.0030874	0.0071389	0.0090964	0.0062642	0.0084881	0.0049152	0.0028432	0.0078969	0.0078591	0.011613	0.0041705	0.00791	0.013739	0.0041985	0.0021319	0.014882	0.0022984
Cdh20	0.0015906	0.017272	0.0050724	0.0013495	0.0017446	0.00028818	0.0011598	0.0056953	0.0024679	0.0026489	0.0043904	0.0042503	0.0042758	0.002751	0.0084793	0.0058073	0.0044175	0.0025456	0.001428	0.0029176	0.0086341	0.011604	0.01823	0.0024719	0.0022115	0.0036361
Cdh4	0.0012768	0.0048423	0.0060127	0.0027126	0.0014996	0.00044813	0.0010311	0.0082944	0.0014548	0.0024805	0.0013612	0.0078033	0.006718	0.0091763	0.00038646	0.003383	0.0037732	0.0018868	0.003281	0.002456	0.0054497	0.0046074	0.0015053	0.005464	0.0017673	0.0016666
Cdh6	0.0034485	0.0024456	0.002223	0.0054896	0.00035314	0.00082864	0.00022753	0.0086176	0.0012012	0.0014598	0.0028948	0.0034888	0.0010221	0.0047687	0.00044946	0.010573	0.0069305	0.0057491	0.0066279	0.0017934	0.0024635	0.0065651	0.00323	0.0019605	0.0062694	0.0017705
Cdh9	0.00022446	0.0012611	0.0076819	0.001049	0.010246	0.00014779	0.011727	0.00023438	0.00079595	0.00042874	0.00082823	0.003167	0.006808	0.0055444	0.00034142	0.00044468	0.004592	0.0068863	0.0047075	0.0016819	0.0038066	0.0016459	0.0011389	0.00076953	0.0016724	0.00061178
Chat	7.8446e-05	0.00016228	0.00015346	0.00016298	0.00012458	0.00010045	9.3846e-05	0.00012703	0.00014242	0.00020868	0.006772	0.00024142	0.00017305	0.00016808	0.00013511	0.00012923	0.00013854	0.000119	0.00030363	0.0002055	0.0012376	0.00018667	0.00021003	9.5176e-05	8.9211e-05	0.00015149
Chodl	0.00012921	0.00023671	0.0004496	7.6721e-05	7.1864e-05	9.5126e-05	6.0772e-05	7.0811e-05	0.00013328	0.001133	0.00067618	0.0023794	0.00016566	0.00010417	0.00010757	8.5128e-05	7.6728e-05	8.6442e-05	0.00021101	0.00018914	0.00023592	0.00040288	0.00015004	8.8512e-05	0.00026325	0.00032026
Chrm2	0.0015209	0.0034041	0.0043595	0.00081109	0.0012877	0.0014586	0.00061066	0.0056983	0.0025157	0.0033566	0.0043093	0.0069382	0.0065043	0.0016915	0.00071614	0.0058035	0.0051116	0.004008	0.002604	0.0032534	0.0016957	0.0033103	0.0058719	0.002353	0.014729	0.0015258
Cldn5	0.019761	0.0010988	0.00034198	0.00050093	0.00092552	0.0010325	0.00042238	0.00031091	0.030218	0.00043875	0.00042553	0.00038472	0.00033683	0.00036655	0.00049335	0.00050371	0.00034695	0.00032134	0.00032096	0.0018423	0.00037785	0.00094653	0.001307	0.011539	0.00046655	0.0027109
Clmn	0.0040247	0.020848	0.0036639	0.0059078	0.01313	0.020222	0.011719	0.015639	0.0060945	0.015903	0.0039522	0.0067172	0.0095653	0.0056904	0.012796	0.0030981	0.0045502	0.004391	0.0080106	0.0069867	0.0045754	0.0066141	0.027355	0.0058208	0.0044324	0.0090961
Cntn6	0.0023004	0.0035715	0.010705	0.0024285	0.0026201	0.0022257	0.0015119	0.012615	0.0026812	0.0028555	0.0040814	0.010485	0.0069491	0.007916	0.0051301	0.0080481	0.0088211	0.0070938	0.0070033	0.0036216	0.0096755	0.010718	0.0033349	0.002582	0.0092078	0.0036553
Cntnap4	0.00050252	0.0017613	0.013632	0.0011862	0.0030456	0.00033869	0.0010011	0.0071484	0.0014549	0.0015005	0.013966	0.010064	0.0031916	0.0019489	0.0076288	0.0039571	0.0066803	0.0081134	0.00097548	0.0023418	0.0063782	0.0024487	0.0022309	0.0012293	0.0053006	0.00093614
Cntnap5b	0.00025386	0.00094828	0.0044697	0.0046931	0.0035995	0.00017899	0.0093643	0.0083374	0.00079351	0.00031542	0.0017056	0.0069872	0.003189	0.0042908	0.0064032	0.0067542	0.0036767	0.0029522	0.0051797	0.0013921	0.0023207	0.0041581	0.0012952	0.00066113	0.0033943	0.00044254
Cobll1	0.017317	0.0026642	0.0006854	0.00072153	0.001027	0.016932	0.0013137	0.0017458	0.018676	0.012771	0.0033503	0.0015474	0.00077372	0.00072484	0.00049158	0.00060137	0.00062143	0.0015242	0.00073116	0.0020529	0.0017501	0.011121	0.019092	0.022922	0.0011397	0.0057563
Col19a1	0.00033999	0.00069074	0.012103	0.00062289	0.00092973	0.00021066	0.00052037	0.00043205	0.00065641	0.00033261	0.00023315	0.0023376	0.0014867	0.0055099	0.0013085	0.0051762	0.0031505	0.0030764	0.0010997	0.0012655	0.0080108	0.00098529	0.00080229	0.00058427	0.00089188	0.0003346
Col1a1	0.012709	0.004571	0.00023502	0.00027264	0.00031771	0.0056829	0.00016455	0.0015329	0.00040629	0.00092297	0.00028082	0.00033633	0.0006037	0.0010048	0.00019254	0.00022225	0.00021355	0.00018238	0.0003131	0.00044829	0.00037878	0.00040344	0.00052665	0.00058451	0.00026924	0.01961
Col6a1	0.0081094	0.0017138	0.0019612	0.00071409	0.0016173	0.0048555	0.0025811	0.00097951	0.0011332	0.0021345	0.0020013	0.001607	0.0037779	0.003664	0.00048858	0.001236	0.0085627	0.009709	0.014673	0.0019677	0.0014458	0.0016358	0.0017127	0.0011437	0.00067986	0.016537
Cort	0.00010638	0.00028981	0.0069004	0.00033176	0.00016746	0.00010282	0.00031664	0.00019039	0.00022521	0.00030838	0.00019199	0.00031947	0.00033316	0.00037297	0.00024811	0.00029752	0.00047128	0.00034907	0.00038077	0.00044364	0.0030645	0.00054025	0.00034957	0.0001612	0.00016505	0.00017337
Cplx3	0.00022175	0.00079286	0.00058222	0.00021629	0.00023686	0.0001166	0.00022613	0.00027427	0.00066677	0.00032052	0.00013974	0.00024364	0.00050164	0.0008523	0.00033445	0.00037988	0.001335	0.0039536	0.00033079	0.001082	0.0068903	0.00074752	0.0011901	0.00084632	0.013246	0.00044041
Cpne4	0.0012107	0.0039997	0.0056757	0.0013601	0.02014	0.00064341	0.015934	0.012747	0.0034244	0.0022832	0.018958	0.0072467	0.0091599	0.011164	0.0023669	0.0086371	0.0067207	0.0061981	0.010251	0.0053573	0.0076171	0.004452	0.0036777	0.0028383	0.00081841	0.0018012
Cpne6	0.0011703	0.0056414	0.01121	0.018565	0.019441	0.00047664	0.017842	0.0068745	0.0028764	0.0014737	0.0015203	0.010408	0.010068	0.014174	0.015404	0.0076163	0.0096937	0.005869	0.012838	0.0055954	0.011709	0.0044715	0.0031144	0.0026358	0.0058365	0.0023653
Cpne8	0.0068612	0.0030634	0.0034891	0.014489	0.0047178	0.0061278	0.00063837	0.00084231	0.0083564	0.0080277	0.0053377	0.0064611	0.0064965	0.0098218	0.013347	0.010774	0.0069374	0.0053692	0.0076905	0.0027763	0.0057434	0.0092715	0.001632	0.0027911	0.0039744	0.0039546
Crh	6.9925e-05	0.00018749	0.0012661	0.00027162	0.0002214	4.3332e-05	0.00010686	0.00025957	0.00015295	8.4402e-05	0.00010863	0.0005472	0.0005314	0.00066107	5.3185e-05	0.00044913	0.00027146	0.00039023	0.00029178	0.00032183	0.0049348	0.00027766	0.00016528	0.00014571	4.9962e-05	0.00012315
Cspg4	0.009384	0.0013362	0.00041802	0.00027803	0.0004419	0.002612	0.00023557	0.00028881	0.0016157	0.00084972	0.00064106	0.00055099	0.00050377	0.00046167	0.00045778	0.00030473	0.00040425	0.00035592	0.00044732	0.00080559	0.00047328	0.01921	0.00087466	0.025558	0.0003339	0.0019045
Cux2	0.0016661	0.004649	0.010432	0.0013705	0.0013138	0.01179	0.0011043	0.011452	0.003569	0.0047866	0.0047284	0.0064614	0.0055973	0.010034	0.0025282	0.012636	0.0017859	0.0040655	0.0027257	0.0054688	0.0064598	0.0071295	0.0074522	0.0032012	0.0069738	0.0024917
Cwh43	0.00019223	0.00044051	0.00073817	0.0014051	0.00028664	0.00025714	0.00017441	0.0037357	0.00038375	0.00061902	0.00020607	0.0010596	0.0016607	0.0006747	0.00032836	0.00036517	0.0044248	0.0070735	0.00037881	0.0005343	0.00042331	0.0010683	0.00067909	0.00036934	0.00057521	0.00027707
Cyp1b1	0.010122	0.00084253	0.00024453	0.00029303	0.00037588	0.0044054	0.00088551	0.00027065	0.00044464	0.00095668	0.0003085	0.00032484	0.0002983	0.00031606	0.00033223	0.00025275	0.00021597	0.0001775	0.00022886	0.00032372	0.0009065	0.00027903	0.00040234	0.0010178	0.00014229	0.012964
Dcn	0.018807	0.00091034	0.00050134	0.00041821	0.00033775	0.0094853	0.00039991	0.00037032	0.00082986	0.0020108	0.00060606	0.00052418	0.0040004	0.00067582	0.00030324	0.00021941	0.00066739	0.00027084	0.00032725	0.0010296	0.00072087	0.00069377	0.0010359	0.0035249	0.00034703	0.021722
Deptor	0.0018107	0.0017266	0.0012549	0.00031321	0.00088816	0.0047259	0.00025355	0.0051449	0.0008962	0.0016734	0.0004083	0.0017186	0.0011388	0.00057817	0.001184	0.001519	0.0030717	0.0021319	0.00098559	0.0016748	0.0017673	0.00072357	0.0032041	0.00070256	0.0019502	0.003771
Dkk3	0.0059015	0.015284	0.0063381	0.019115	0.019059	0.0098854	0.0047058	0.00079458	0.0054846	0.018882	0.0013548	0.0072016	0.012725	0.010259	0.0092921	0.011454	0.014805	0.016684	0.0024857	0.0075628	0.0093642	0.0058692	0.0051731	0.0056161	0.0027843	0.013977
Dner	0.0055965	0.020904	0.018458	0.017054	0.016753	0.0086005	0.0042727	0.015237	0.0083737	0.012638	0.020128	0.016076	0.014195	0.013077	0.0072791	0.011026	0.012204	0.0090541	0.0099841	0.0095948	0.019568	0.018093	0.011281	0.0075474	0.017261	0.010225
Dpy19l1	0.0083734	0.0097176	0.0096871	0.0069814	0.0052023	0.015319	0.007338	0.0065418	0.010777	0.016955	0.0088717	0.011891	0.014117	0.012103	0.006291	0.015288	0.016281	0.015062	0.013935	0.015016	0.0086284	0.013739	0.028814	0.0096629	0.014666	0.0096797
Dpyd	0.0021765	0.0039026	0.00089744	0.0021828	0.0080563	0.010608	0.010819	0.0018165	0.00079542	0.0041466	0.0034307	0.0047781	0.005578	0.0059071	0.00094804	0.0012175	0.0027436	0.0015312	0.0025442	0.0012806	0.0013047	0.011652	0.0046197	0.001138	0.00037881	0.0075547
Ebf3	0.0010262	0.00083392	0.00026771	0.00031453	0.00027325	0.0005385	0.0002232	0.0003824	0.0006644	0.00039936	0.0028341	0.0044805	0.00035594	0.00032234	0.00023969	0.0002789	0.00024274	0.0002313	0.00035766	0.0065836	0.00029994	0.00064685	0.00080785	0.00098979	0.00018178	0.00059227
Emcn	0.0086989	0.00060905	0.00036275	0.00043832	0.00083468	0.0074372	0.00064142	0.0002333	0.022745	0.00057779	0.00035225	0.00030332	0.00030202	0.00035253	0.00025298	0.0003415	0.00025898	0.00026039	0.00029521	0.0012009	0.00030295	0.00064179	0.00087876	0.017423	0.00047124	0.0013121
Epha4	0.0079277	0.0089536	0.0071096	0.020161	0.02108	0.010833	0.01974	0.015415	0.012153	0.0053143	0.0043099	0.0083938	0.015054	0.015144	0.017492	0.01737	0.013798	0.011846	0.016048	0.0075789	0.0087778	0.0074524	0.010133	0.0061335	0.011798	0.0050616
Eya4	0.0010298	0.0036857	0.0061398	0.00044142	0.00062354	0.0045915	0.00069854	0.00019222	0.00051877	0.0055463	0.00032043	0.00058723	0.00037471	0.00031223	0.00047346	0.00061586	0.00032139	0.00043969	0.0004538	0.0062556	0.0010969	0.0011293	0.001223	0.00054702	0.0002366	0.0035506
Fezf2	0.00045475	0.0066295	0.001641	0.0046393	0.010356	0.0003256	0.0012276	0.00023093	0.0013188	0.0031169	0.00017535	0.00052965	0.0066425	0.0030905	0.011205	0.0026373	0.0091858	0.011028	0.00033556	0.0024308	0.00094145	0.0016473	0.001577	0.0010155	0.00017545	0.00069769
Fgd5	0.01187	0.00062464	0.0012717	0.00037316	0.00043714	0.0030343	0.00031419	0.00036125	0.016925	0.00057296	0.0010285	0.0028247	0.00044631	0.00036003	0.000338	0.00048773	0.00047399	0.00030147	0.00045096	0.00077863	0.0020426	0.00076099	0.00078751	0.0054282	0.0080595	0.0015085
Fhod3	0.00077683	0.003421	0.010145	0.0036894	0.0031892	0.000916	0.00092078	0.012221	0.0027196	0.011134	0.010571	0.010269	0.006919	0.0085091	0.012067	0.0154	0.012245	0.012162	0.0013272	0.0041238	0.0063451	0.0052465	0.0032191	0.0022549	0.0079507	0.0013534
Fibcd1	0.00018848	0.00043625	0.0012165	0.014117	0.00048729	0.00014052	0.0035734	0.00075504	0.00041054	0.00034233	0.0090507	0.0013304	0.00051705	0.00099815	0.00024419	0.00028477	0.00051878	0.00024562	0.00064314	0.00049634	0.00086948	0.00065712	0.00046718	0.00039163	0.00086316	0.0001949
Fign	0.0014612	0.00079297	0.00060778	0.0002975	0.00025476	0.00064106	0.00017076	0.0091946	0.00071558	0.00071156	0.0020865	0.0018424	0.0031747	0.0011115	0.00032666	0.00022224	0.00026779	0.00069394	0.00046874	0.00077299	0.00060288	0.0046063	0.0074194	0.00074878	0.013512	0.0018107
Fmod	0.0093305	0.00036362	0.00016845	0.00013132	0.00013204	0.007588	9.0994e-05	0.00023208	0.00024187	0.0015506	0.00019268	0.00029895	0.00023604	0.00027601	0.00056139	0.00015826	0.00019846	0.00033632	0.00018162	0.00032227	0.00029173	0.00026438	0.00021238	0.0004433	0.00024504	0.018166
Fn1	0.020966	0.0016598	0.00069508	0.000745	0.0012733	0.0014347	0.00055925	0.00056659	0.027819	0.0022478	0.00073664	0.00099354	0.00070553	0.0007435	0.00048822	0.000909	0.00083908	0.00059954	0.00062675	0.0029096	0.00083075	0.0023882	0.001845	0.01459	0.00064962	0.016273
Fos	0.00060191	0.0016421	0.0016058	0.0021376	0.0011224	0.00030105	0.00033829	0.0018471	0.00068285	0.00086111	0.00045569	0.001357	0.0029992	0.0020065	0.0066638	0.0046433	0.0030266	0.0027703	0.0009399	0.00095856	0.0017513	0.00086999	0.00071069	0.00076976	0.0012206	0.00072597
Foxp2	0.0032311	0.0025789	0.0011686	0.0007729	0.00070272	0.0029326	0.00072947	0.013738	0.001937	0.0039437	0.0062313	0.0057904	0.00090883	0.0010092	0.00059924	0.00086699	0.002383	0.010884	0.0088185	0.0023309	0.00098755	0.0033207	0.0030341	0.0023063	0.0018651	0.008328
Gad1	0.0013341	0.0042204	0.019346	0.0028833	0.0019838	0.00074738	0.014206	0.0013144	0.0031115	0.0047941	0.0013702	0.0069719	0.0025706	0.002284	0.0021962	0.0030163	0.0022057	0.0018172	0.016976	0.0052375	0.020062	0.0090614	0.0040269	0.0025927	0.019664	0.0019862
Gad2	0.00070768	0.0026267	0.017723	0.0016852	0.0012622	0.00026133	0.0012383	0.00039224	0.001822	0.0029921	0.0002691	0.0070304	0.0015497	0.0013435	0.00071755	0.0011576	0.0011222	0.0010799	0.017016	0.0029957	0.018718	0.0027662	0.0029901	0.0016297	0.01904	0.0010983
Gadd45a	0.0032173	0.0015496	0.0039176	0.0010934	0.0046224	0.0016605	0.0024025	0.0045694	0.0018226	0.0032618	0.0014263	0.0046675	0.0016806	0.0013467	0.00065717	0.0011036	0.0039455	0.010233	0.0014411	0.001373	0.0016072	0.0030009	0.0051427	0.0026045	0.0056641	0.0024443
Galnt14	0.00036518	0.001127	0.0049631	0.00061914	0.0086225	0.00058105	0.0073025	0.0091219	0.0009963	0.0023768	0.0063661	0.0054791	0.0077522	0.0020453	0.0078963	0.0016446	0.0096583	0.0051645	0.0026677	0.0015303	0.010153	0.0019239	0.0014889	0.00085453	0.0014854	0.00067943
Garnl3	0.0027821	0.0076974	0.013342	0.0069705	0.0057209	0.0060508	0.0051338	0.011952	0.0055714	0.0065576	0.012838	0.012832	0.0099583	0.011005	0.0046314	0.015141	0.014302	0.016797	0.011101	0.01281	0.014653	0.005757	0.0074903	0.0057644	0.012229	0.0048766
Gfap	0.010922	0.012002	0.0010991	0.0018044	0.0025432	0.00091094	0.003955	0.00044045	0.005584	0.015029	0.0085649	0.0016674	0.0014563	0.0014746	0.0006671	0.00065268	0.0009495	0.0014294	0.0020121	0.0062463	0.0020922	0.0041262	0.010379	0.0056852	0.0031727	0.01555
Gfra2	0.0054201	0.0033118	0.0059112	0.0073084	0.0045454	0.0021548	0.012293	0.0022349	0.0030525	0.0028547	0.0031434	0.0076215	0.0062853	0.0054315	0.016263	0.014404	0.011181	0.011712	0.002557	0.0040986	0.002335	0.0049355	0.0031416	0.01416	0.013967	0.0024184
Gjb2	0.0093013	0.0043103	0.00015998	0.00014297	0.00017613	0.001941	0.00011209	0.00019192	0.00038631	0.0011785	0.00050837	0.00028831	0.00014474	0.00015542	0.00016119	0.00013513	0.00013383	9.7584e-05	0.00017359	0.000391	0.00021094	0.00030109	0.00042727	0.00054631	0.00024935	0.018223
Gjc3	0.0013375	0.0051986	0.0011164	0.00095515	0.0010225	0.0003541	0.00085927	0.0016308	0.0025145	0.0031071	0.0035898	0.0023797	0.00098764	0.0007109	0.0020429	0.0010657	0.0011941	0.0014146	0.00176	0.0034075	0.0012209	0.019881	0.031605	0.0030417	0.0021754	0.0024708
Gli3	0.00214	0.015861	0.0010285	0.00091528	0.0011228	0.0010094	0.0010733	0.00087277	0.001179	0.0076188	0.0015151	0.0010459	0.00083543	0.00088317	0.00095458	0.0009935	0.00084833	0.0008437	0.002059	0.0015126	0.00090651	0.0011985	0.0016195	0.0030391	0.00066914	0.0052707
Gm19410	0.00025401	0.00071021	0.00092287	0.0028478	0.0011127	0.0002971	0.00028689	0.00039625	0.00055413	0.00058781	0.00020319	0.00026312	0.0022642	0.0026977	0.00052505	0.0022058	0.0042783	0.0023209	0.0045812	0.00075565	0.00044316	0.00060883	0.00060276	0.00053761	0.00068454	0.00032735
Gm2115	0.00096686	0.0045874	0.0016652	0.017537	0.0061653	0.003427	0.0008142	0.00036708	0.00097834	0.00097565	0.0020217	0.0012936	0.0013563	0.00077485	0.001526	0.00095703	0.00068889	0.0012877	0.00063903	0.0012407	0.0018495	0.0015685	0.0016301	0.00095711	0.011488	0.0021876
Gng12	0.0095292	0.015836	0.003928	0.0061868	0.0068832	0.0075077	0.0047477	0.0034604	0.0085825	0.0096283	0.0035543	0.0035031	0.0040152	0.0038928	0.0044288	0.0028245	0.0076794	0.011816	0.0049216	0.0090892	0.0037911	0.012964	0.022285	0.010994	0.0016515	0.0096305
Gpr17	0.00025432	0.00074306	0.00045593	0.0002832	0.00029876	0.00017017	0.00035109	0.00046437	0.000809	0.00063294	0.00063908	0.00056489	0.0004676	0.00046458	0.0003493	0.00040341	0.00039632	0.00042974	0.00049777	0.00094937	0.0005307	0.019703	0.0029244	0.00079752	0.00042158	0.00035207
Grik3	0.00096191	0.0023018	0.010554	0.00076098	0.00095199	0.00067565	0.009933	0.0045093	0.0020604	0.0031026	0.0033789	0.0062526	0.0067925	0.0017626	0.00072055	0.0032046	0.01154	0.014353	0.0094744	0.0032909	0.0034379	0.010668	0.0030015	0.0018847	0.0099502	0.0013946
Gsg1l	0.00039734	0.0015737	0.0027597	0.0018603	0.00023006	0.0002409	0.0051114	0.002339	0.0011394	0.00058832	0.0001859	0.0035387	0.0032596	0.0075607	0.00023928	0.0048881	0.002874	0.0085695	0.0065081	0.0020586	0.0026456	0.0029289	0.0011658	0.00091471	0.00061883	0.0005203
Gucy1a1	0.0093676	0.0055425	0.0097293	0.0018444	0.0040618	0.0033854	0.0046459	0.0027544	0.003389	0.0016248	0.01698	0.0080012	0.011805	0.012823	0.012386	0.0068523	0.0091316	0.002577	0.017862	0.0045223	0.0059799	0.008341	0.0034121	0.02136	0.013933	0.0022464
Hapln1	0.0014177	0.012719	0.0066849	0.0016102	0.0015286	0.00027162	0.00099415	0.00032657	0.0014039	0.0012709	0.00030596	0.0023096	0.0010387	0.00091723	0.00079513	0.00089069	0.0009626	0.00064388	0.0010711	0.0017994	0.0095196	0.0025068	0.0013964	0.0010959	0.0078829	0.0033704
Hat1	0.0051021	0.0070045	0.0073179	0.0069921	0.0073406	0.014878	0.0073481	0.0072635	0.0048076	0.01466	0.0061448	0.0079774	0.0081168	0.0065579	0.0078565	0.0072263	0.0075257	0.0075234	0.0069959	0.0062723	0.0078679	0.0066041	0.011088	0.0057907	0.010754	0.0065654
Hpcal1	0.0053228	0.0049251	0.0069281	0.0053556	0.0085661	0.011263	0.0071768	0.0054361	0.0081221	0.0036311	0.012233	0.011841	0.01124	0.011174	0.010469	0.0071853	0.0074222	0.0066239	0.010174	0.0065962	0.0074801	0.0066848	0.0069205	0.0062436	0.013709	0.0049376
Hs3st2	0.00031077	0.0011507	0.0022872	0.00037262	0.00093	0.00018333	0.00020007	0.00031613	0.001304	0.00038344	0.00027819	0.0016458	0.0018771	0.0020905	0.00064226	0.0066382	0.011851	0.01272	0.00071449	0.0023494	0.0021186	0.0012223	0.001585	0.0011066	0.00086355	0.00032553
Htr1f	0.00030921	0.00090741	0.0051942	0.010994	0.0076831	0.00030686	0.00026908	0.00089333	0.00072301	0.00054926	0.00024375	0.0025296	0.0047137	0.0015195	0.00594	0.0062988	0.0078922	0.0108	0.0090188	0.0014412	0.0027188	0.0012599	0.0012034	0.00066246	0.00024275	0.00046637
Id2	0.011647	0.026877	0.007201	0.0032053	0.0046742	0.016173	0.0084145	0.0068211	0.010344	0.012527	0.0070105	0.0061905	0.011764	0.012346	0.0071441	0.013753	0.013377	0.014769	0.003322	0.011907	0.013653	0.011087	0.00823	0.0079904	0.0048085	0.014552
Igf1	0.002217	0.0007419	0.0053804	0.00072086	0.00072428	0.0019886	0.00041477	0.0077931	0.00062354	0.00056629	0.00020624	0.0018826	0.00068868	0.00088105	0.00042962	0.00048541	0.00070285	0.0010219	0.00042336	0.00126	0.014046	0.00085295	0.00086463	0.00057912	0.005255	0.0052336
Igf2	0.021935	0.0015768	0.00045473	0.00049632	0.00059986	0.02422	0.00034364	0.00046927	0.0043381	0.0071243	0.00072282	0.00090915	0.0005217	0.0005823	0.00050358	0.0004671	0.00037597	0.00032937	0.0007959	0.0019806	0.00068812	0.00094324	0.0019589	0.018862	0.00089213	0.024781
Igfbp4	0.013258	0.0020594	0.010444	0.016538	0.0028796	0.01111	0.001116	0.0010922	0.0021395	0.0023753	0.00023159	0.0013329	0.0026893	0.0057498	0.0030227	0.0021648	0.0061624	0.011259	0.0030545	0.0057618	0.0050642	0.0034367	0.0020652	0.0024249	0.00081693	0.010926
Igfbp5	0.009631	0.011769	0.0027477	0.001141	0.0015967	0.010092	0.016233	0.0090848	0.0055982	0.018288	0.005488	0.0065529	0.0055082	0.0061835	0.015837	0.0061289	0.0060723	0.0068236	0.0041208	0.0064536	0.0064906	0.0041858	0.0070471	0.0058151	0.0043092	0.017361
Igfbp6	0.0031654	0.0010038	0.0013356	0.0014294	0.0010662	0.0015096	0.001378	0.00020691	0.0011415	0.00094352	0.00014667	0.00039144	0.0077359	0.0068118	0.0040673	0.0092646	0.0081941	0.0057678	0.0024455	0.0019623	0.0016359	0.0012311	0.00091358	0.00092892	0.00018072	0.010987
Igsf21	0.00078117	0.0037374	0.0028419	0.0036655	0.0043011	0.0004195	0.00086038	0.0072611	0.0017824	0.0018536	0.001974	0.0045817	0.0050351	0.0035016	0.0008559	0.0021242	0.007883	0.012293	0.0028661	0.0027405	0.0021837	0.0091592	0.0026509	0.0016085	0.0018283	0.00094261
Ikzf1	0.00087505	0.00039719	0.00028519	0.00035897	0.00020682	0.00062007	0.00027183	0.00018218	0.00067886	0.0005511	0.00023725	0.00028597	0.00025444	0.00024528	0.00028783	0.0002227	0.00022684	0.0002151	0.0010058	0.02158	0.00027712	0.00039096	0.00085467	0.00089547	0.00020493	0.0021455
Inpp4b	0.0091037	0.0029355	0.0038053	0.0012441	0.0034827	0.002196	0.0047015	0.013359	0.0023854	0.0017757	0.0078667	0.0061266	0.0052815	0.0033819	0.0008791	0.00064601	0.0025761	0.0030139	0.0050314	0.012884	0.0025422	0.0073903	0.0025032	0.022596	0.01102	0.0037103
Kcnh5	0.0011115	0.0038104	0.0062352	0.0052817	0.0076435	0.00073038	0.0046558	0.010033	0.0030701	0.0019942	0.013963	0.0065658	0.0068272	0.007943	0.015262	0.016618	0.0056683	0.0057157	0.01095	0.0039608	0.0037631	0.008591	0.0036295	0.0024091	0.0022536	0.0016019
Kcnmb2	0.00031264	0.00069997	0.012453	0.00079301	0.0005823	0.00015411	0.00050483	0.0035716	0.00055969	0.0011436	0.0031559	0.0037455	0.0013995	0.00096577	0.00054866	0.00060538	0.00063902	0.00052911	0.00033771	0.00085445	0.0096865	0.0010863	0.00095917	0.0004838	0.013544	0.00058808
Kctd12	0.011365	0.0067051	0.00796	0.014576	0.013151	0.0070301	0.014995	0.01162	0.014399	0.0069757	0.0092218	0.0064593	0.0066744	0.0096803	0.0036008	0.0042838	0.0041607	0.0037181	0.011652	0.027525	0.01104	0.0056461	0.0054391	0.0082201	0.006966	0.010287
Kctd8	0.00023643	0.00090701	0.0070955	0.00027341	0.00058714	0.00024419	0.00024338	0.0011943	0.00058289	0.0038138	0.015227	0.0050112	0.00076543	0.002032	0.002615	0.0013892	0.0013721	0.0014401	0.0058202	0.00081971	0.0013918	0.0029636	0.0010698	0.00048197	0.0037203	0.00042199
Kdr	0.012197	0.00096758	0.00044036	0.00044242	0.001507	0.0096345	0.0010772	0.0013635	0.023856	0.0030096	0.00056488	0.00066623	0.00084758	0.00062143	0.00029877	0.00049452	0.00036238	0.00046231	0.00044901	0.0024456	0.00061442	0.0010937	0.0019746	0.010303	0.00039005	0.0057987
Lamp5	0.00077591	0.0023009	0.0029169	0.0087676	0.004543	0.00020917	0.0028813	0.00021636	0.0027759	0.00054379	0.00026652	0.0029714	0.0092487	0.010721	0.016519	0.014071	0.0066362	0.0070187	0.012111	0.0042545	0.0089598	0.0023353	0.0017618	0.0020252	0.00020466	0.0007406
Laptm5	0.0062411	0.0018268	0.00089618	0.00089718	0.00069526	0.0019277	0.001183	0.00084523	0.0030055	0.0033544	0.00094	0.00074017	0.00089259	0.0010703	0.00072416	0.0009531	0.00083969	0.00083637	0.0012273	0.029723	0.0010043	0.0016146	0.0029837	0.0031478	0.000782	0.0063851
Ly6a	0.021623	0.0018993	0.0010065	0.0014917	0.0017691	0.0051834	0.00098437	0.00099347	0.030683	0.0011416	0.0013107	0.0010251	0.0010121	0.0010246	0.0010823	0.0012078	0.00088422	0.00080931	0.00095437	0.0037781	0.0010118	0.0015339	0.002314	0.01419	0.0008345	0.0039707
Lypd6	0.0025364	0.0064305	0.0084464	0.00085864	0.0010779	0.0021289	0.001161	0.0023937	0.0020702	0.0014257	0.0014883	0.0035847	0.0010564	0.0021043	0.00157	0.0029354	0.0026936	0.0038427	0.00097458	0.003086	0.0021088	0.0052576	0.0043733	0.0020115	0.0019832	0.0041724
Lyz2	0.0084398	0.0042202	0.0037173	0.0016676	0.0017364	0.0063623	0.0028985	0.0031497	0.0033596	0.0057143	0.0037796	0.0035972	0.0030772	0.0032848	0.0031158	0.0028807	0.0025674	0.0021178	0.0028265	0.013299	0.0036723	0.0031979	0.0044003	0.0038229	0.0024469	0.011917
Mapk4	0.0051713	0.017924	0.0035421	0.010498	0.0022186	0.020453	0.011004	0.0076863	0.0039905	0.0079565	0.011224	0.0049859	0.0071187	0.0098073	0.0071946	0.010741	0.0064689	0.0044043	0.012014	0.0055218	0.0061363	0.0050144	0.003893	0.0037247	0.0022533	0.013267
Mdga1	0.0014218	0.0049585	0.0012773	0.013544	0.013673	0.0022415	0.0035651	0.0010959	0.0013499	0.0047282	0.011221	0.0058773	0.0035002	0.0043931	0.00054547	0.00097647	0.0021459	0.00428	0.0052084	0.0021949	0.0013704	0.0027573	0.0017237	0.0016912	0.004746	0.0024073
Mecom	0.012512	0.00067403	0.00030296	0.00026898	0.00056861	0.010867	0.00028607	0.00030773	0.016119	0.0042695	0.00042577	0.00035895	0.00034275	0.00029987	0.00035239	0.00033241	0.00024261	0.00028137	0.00029235	0.00071224	0.00029426	0.00055051	0.00074936	0.0049327	0.00038332	0.0012851
Meis2	0.0021704	0.013908	0.0033488	0.012446	0.0080898	0.0010815	0.0005154	0.00064599	0.0040275	0.012093	0.00068396	0.0024816	0.0085678	0.0087689	0.0022549	0.0035722	0.0071537	0.01094	0.019384	0.0059971	0.0035472	0.0082082	0.007671	0.0035262	0.017533	0.0048258
Myl4	0.0011113	0.0011022	0.0015131	0.00051098	0.0011792	0.0023132	0.0008616	0.0008179	0.0012155	0.0015746	0.00061685	0.00070622	0.0013109	0.0015341	0.00085674	0.0025764	0.0069663	0.0071662	0.00032465	0.0013927	0.00078613	0.00090885	0.0010667	0.0011065	0.00070295	0.00050836
Myo16	0.00064429	0.0034786	0.011248	0.0054096	0.0037841	0.00029917	0.0010315	0.0030064	0.0015638	0.0027933	0.0021309	0.0061108	0.0074941	0.0076676	0.011442	0.012664	0.0058296	0.0015613	0.0090074	0.002535	0.008017	0.0080669	0.0017998	0.0013605	0.014285	0.0014535
Ndst3	0.0047175	0.0018694	0.007684	0.013723	0.0028014	0.00024802	0.0017773	0.0062505	0.0019278	0.0058292	0.0063113	0.0076317	0.0094066	0.01002	0.014636	0.0058927	0.0091648	0.0082697	0.0080759	0.0028408	0.0063212	0.0027993	0.0020024	0.012672	0.013202	0.00095268
Ndst4	0.00017052	0.00066052	0.0021241	0.0089042	0.00090684	5.874e-05	0.0054934	0.00032393	0.00047125	0.00019811	0.0044136	0.0053251	0.0018272	0.0028294	0	8.0357e-05	0.00029186	9.8169e-05	0.00036636	0.00079314	0.0020345	0.00093382	0.0013287	0.00049864	0.0023322	0.00036437
Necab1	0.0027526	0.0045153	0.0076108	0.001802	0.0021878	0.00098668	0.0027741	0.0095829	0.0038862	0.0019023	0.0023054	0.0079669	0.013357	0.010513	0.016188	0.011112	0.01105	0.0097975	0.015583	0.0064092	0.015555	0.0049036	0.0042614	0.0032191	0.0013517	0.0045268
Necab2	0.00073715	0.0031409	0.0030137	0.0015156	0.0077935	0.0011106	0.0031456	0.01287	0.0023392	0.0024099	0.019976	0.0057274	0.0071084	0.0071968	0.0088995	0.00074825	0.0014899	0.0015215	0.014229	0.0033749	0.0099978	0.0052767	0.0029099	0.0019187	0.0030835	0.0011818
Nell1	0.00074107	0.0021705	0.0065675	0.015007	0.011935	0.00059277	0.0011454	0.015399	0.0020163	0.0012837	0.0040312	0.008598	0.0090634	0.0045517	0.01529	0.011676	0.0072165	0.0036508	0.0046086	0.0028115	0.0066885	0.0027027	0.0032472	0.0017599	0.0029302	0.0010627
Neto2	0.00080919	0.0036345	0.014655	0.010838	0.012643	0.00062218	0.0019356	0.0067312	0.0023204	0.0042075	0.0075329	0.0087349	0.008721	0.0083029	0.0020391	0.0035425	0.0093437	0.01279	0.01236	0.0037851	0.0079582	0.0073921	0.0042584	0.0018013	0.012162	0.0014966
Neurod6	0.00066766	0.0027225	0.0037253	0.020171	0.021363	0.00046407	0.0020625	0.00066966	0.0025795	0.00087885	0.0015216	0.0017185	0.010647	0.0066954	0.0058153	0.015369	0.014713	0.015525	0.00060421	0.0045168	0.002614	0.0028377	0.0028582	0.0023438	0.00053884	0.00070456
Nostrin	0.0059801	0.00034798	0.0003105	0.00024362	0.0005956	0.0010246	0.00024835	0.00022254	0.018233	0.00019008	0.00016454	0.00025593	0.00034818	0.00032372	0.00013485	0.00037388	0.00027901	0.0002498	0.00022371	0.00073739	0.00019791	0.00036644	0.00054341	0.0077394	0.00019199	0.00057424
Npnt	0.002438	0.00056463	0.00322	0.00030422	0.00051981	0.0046401	0.01148	0.001147	0.00072166	0.0073217	0.00038581	0.0013813	0.002123	0.0019094	0.0044646	0.0016736	0.0023424	0.0015663	0.00050147	0.0043208	0.0005953	0.00066075	0.00072129	0.00060853	0.00023337	0.00064025
Npy2r	9.5886e-05	0.00050117	0.0022717	0.0065055	0.011692	7.4201e-05	0.0084404	0.0011036	0.00029379	0.0054728	0.0002282	0.0014403	0.0015628	0.0024519	0.00013344	0.00023733	0.00058964	0.00019139	0.0032152	0.00060321	0.0045126	0.00077425	0.00033321	0.00024927	0.00012444	0.00038157
Nr2f2	0.018424	0.0095212	0.0045704	0.0010516	0.0023874	0.019956	0.00079481	0.010263	0.0070047	0.012611	0.0035028	0.0070037	0.0094524	0.0077622	0.00071169	0.0025786	0.0015596	0.0038555	0.0014131	0.0050357	0.013793	0.0063459	0.0045832	0.023694	0.018687	0.019207
Nrep	0.0096907	0.0055628	0.011315	0.0032957	0.0060233	0.017063	0.014232	0.01371	0.0095381	0.012375	0.0084953	0.010232	0.0090456	0.0071575	0.018409	0.015161	0.0099101	0.0076197	0.0092147	0.0087776	0.0095869	0.0063473	0.0054822	0.010978	0.015452	0.0086173
Nrn1	0.0030388	0.011513	0.0089067	0.018118	0.020561	0.0096048	0.019568	0.016377	0.0086496	0.0050203	0.020436	0.010405	0.015942	0.016629	0.018079	0.01841	0.016538	0.014063	0.0026722	0.011801	0.0088286	0.010023	0.008595	0.0075877	0.0034302	0.0036231
Nrp2	0.0079079	0.0031051	0.0028185	0.0048682	0.013248	0.0045191	0.013126	0.00061185	0.0032499	0.005843	0.018417	0.0073212	0.0088421	0.0080619	0.0026623	0.0011163	0.0025917	0.0024324	0.00053536	0.0071804	0.0053386	0.005568	0.0051387	0.0032724	0.0026686	0.01028
Nts	0.00031058	0.00053182	0.00045641	0.00017509	0.00022493	0.00013124	0.0001085	0.00087218	0.00054798	0.00026476	0.00028083	0.0037691	0.00034777	0.00030423	0.00092276	0.00021858	0.0003293	0.0008202	0.00261	0.00046821	0.00024269	0.00053007	0.00078617	0.0041895	0.00040394	0.00029456
Ntsr2	0.0065423	0.027369	0.0023994	0.0058239	0.0099039	0.00049341	0.0024563	0.0025328	0.0084921	0.0075957	0.0038865	0.003956	0.0032883	0.0023965	0.0032947	0.0032584	0.002686	0.0024091	0.0022344	0.0065633	0.0024247	0.0058773	0.0071466	0.0084244	0.0026168	0.0096798
Nwd2	0.00078018	0.0021653	0.0049303	0.0046772	0.014696	0.00028044	0.0034436	0.0012239	0.0020663	0.0017691	0.021321	0.0051259	0.0084612	0.012767	0.0032018	0.012036	0.010118	0.0061893	0.00070971	0.0037171	0.005671	0.0031284	0.0016537	0.0016185	0.0015486	0.0010885
Nxph3	0.00057169	0.0013518	0.0024055	0.00034399	0.00059414	0.0050907	0.00030976	0.0034162	0.0010586	0.0014969	0.0035666	0.0047493	0.0015317	0.00077573	0.0043607	0.00060679	0.005458	0.012187	0.00071147	0.001927	0.0033513	0.0015053	0.002009	0.00093317	0.0051919	0.00096404
Opalin	0.00039495	0.0012658	0.00051609	0.00048523	0.00072281	0.00026926	0.00032576	0.00063924	0.00077741	0.0015652	0.0019304	0.0010244	0.00041368	0.00022991	0.00075858	0.00036389	0.00046413	0.00056302	0.00066439	0.001146	0.00047018	0.0016349	0.026084	0.0013247	0.0013851	0.00052783
Opn3	0.00085544	0.00076027	0.0024608	0.00025604	0.00039705	0.00076122	0.00024601	0.010008	0.00079991	0.00054623	0.00087567	0.0031114	0.0011499	0.00083156	0.0097812	0.0040259	0.0050734	0.0030473	0.00068448	0.0012247	0.0013926	0.0013522	0.0016195	0.0008828	0.0019291	0.0031668
Orai2	0.00051427	0.0015942	0.0019522	0.007152	0.0099875	0.0060278	0.011788	0.0042268	0.0013013	0.0018376	0.0012462	0.0031095	0.0034735	0.0033219	0.00032148	0.0032351	0.0026736	0.0033744	0.0028521	0.0039597	0.0017589	0.0020944	0.0014775	0.0012686	0.0014514	0.00079202
Paqr5	0.010335	0.00035259	0.00048209	0.00020254	0.00034553	0.01263	0.0001382	0.0001545	0.017107	0.007095	0.00036028	0.00023515	0.00020844	0.00018595	0.0001628	0.00017395	0.0001436	0.00015278	0.00034588	0.00065524	0.00017255	0.00038968	0.00057375	0.004272	0.00016008	0.0022469
Parm1	0.0091397	0.002187	0.0084891	0.0104	0.0037506	0.0023407	0.008373	0.0010631	0.0016457	0.002228	0.0060933	0.0075707	0.0061669	0.00383	0.016868	0.0019849	0.0066489	0.0038143	0.0049655	0.0026115	0.0123	0.0034524	0.012462	0.0059007	0.0093646	0.0051234
Pcsk5	0.0028458	0.001405	0.0024381	0.00033356	0.0054454	0.002396	0.007222	0.0027804	0.0009161	0.0018843	0.00079481	0.0037059	0.0046436	0.0042636	0.0010017	0.0011052	0.0070798	0.0062856	0.0016477	0.0013015	0.0016075	0.0025329	0.0015651	0.00087882	0.0072689	0.0033684
Pde11a	0.00024328	0.00065046	0.0015747	0.0015381	0.00065267	0.00017444	0.00025406	0.00034737	0.00046154	0.00049726	0.0035899	0.0024094	0.00061984	0.002189	0.00051505	0.00023957	0.00025847	0.00022147	0.0040469	0.00069201	0.0060678	0.00077368	0.00072452	0.00050758	0.00091972	0.00093704
Pde7b	0.0062724	0.0080693	0.0037749	0.0008869	0.0013559	0.0038937	0.011106	0.013274	0.0093753	0.002353	0.0021916	0.00638	0.0054335	0.0093986	0.0069717	0.012304	0.0042855	0.00402	0.017738	0.0053628	0.0054731	0.007565	0.0050544	0.012641	0.0037957	0.0077699
Pdgfra	0.01265	0.0019355	0.0013524	0.00053101	0.0006517	0.016424	0.00065407	0.00090298	0.0019331	0.0018731	0.001508	0.0012871	0.0013455	0.0012839	0.0009837	0.00077025	0.00089444	0.00088651	0.0012645	0.0023382	0.0018955	0.020868	0.0023255	0.0019727	0.00092351	0.016533
Pdyn	0.00011877	0.00046505	0.0025475	0.00027462	0.00010086	6.4447e-05	0.007902	0.00015793	0.00031582	0.00047753	0.00015915	0.0013143	0.00061056	0.0012374	0.00025358	0.000485	0.00047608	0.00020088	0.0067598	0.00048707	0.00031548	0.00045601	0.00043172	0.00018091	0.00027999	0.00024312
Pdzd2	0.0052172	0.0020747	0.0038121	0.00044629	0.0012677	0.014516	0.013752	0.0012597	0.00545	0.0046331	0.0015532	0.0026603	0.0056363	0.0068648	0.0057482	0.0066203	0.0056554	0.0045398	0.010511	0.0022689	0.0031773	0.0066511	0.001543	0.016722	0.013002	0.0020906
Pdzrn3	0.0064879	0.003614	0.0043389	0.00065103	0.00041445	0.013231	0.00072835	0.00089266	0.0016006	0.0054213	0.00098555	0.0010406	0.010299	0.010845	0.014519	0.01306	0.0067794	0.0013671	0.00060518	0.0026938	0.0061089	0.0018262	0.0017375	0.004814	0.0011722	0.0095407
Pecam1	0.018956	0.0011879	0.00046287	0.00054578	0.00089984	0.0045673	0.00051176	0.00043674	0.02593	0.00075328	0.0017935	0.0007796	0.00072006	0.00051712	0.00057345	0.00056239	0.00038152	0.00033817	0.00045229	0.0038885	0.00062422	0.0010414	0.0014382	0.011306	0.0005598	0.0029923
Penk	0.0013609	0.0020311	0.0020242	0.010191	0.00085305	0.00083663	0.0026192	0.00034147	0.0012968	0.0015847	0.00030651	0.0043411	0.0066488	0.0045957	0.00022325	0.00069278	0.0023123	0.0011824	0.015921	0.0022282	0.006661	0.0016715	0.0022975	0.0012808	0.0003676	0.0045781
Pglyrp1	0.0064302	0.0010126	0.00033223	0.00041936	0.00071652	0.00045225	0.0002803	0.00034719	0.021268	0.00092721	0.000467	0.00047056	0.00044669	0.00047523	0.00028632	0.00045312	0.00032303	0.00030451	0.00040829	0.0012945	0.0004143	0.00069392	0.0011041	0.0057253	0.00044624	0.0013326
Pip5k1b	0.0062649	0.0026525	0.0070899	0.016399	0.011276	0.020143	0.017159	0.0078418	0.0033051	0.0057617	0.0034984	0.007137	0.0097027	0.0088312	0.011504	0.0048934	0.0047099	0.0024783	0.0020024	0.003529	0.012279	0.0043517	0.0028478	0.011883	0.010481	0.0020012
Pkib	0.0003887	0.0012632	0.0011699	0.00026767	0.0012702	0.00036385	0.0019709	0.0033082	0.00074929	0.001091	0.0023021	0.0022868	0.0025155	0.0026652	0.0068651	0.0019458	0.0015219	0.0007581	0.00041392	0.0044605	0.0015266	0.0013494	0.0020235	0.00082326	0.0018987	0.00061626
Plch1	0.00059932	0.0044383	0.0024433	0.0022959	0.00098766	0.0085708	0.0013668	0.0072575	0.00078961	0.014616	0.0036939	0.0046966	0.0017135	0.00269	0.0011616	0.00098795	0.00097777	0.0014305	0.00046765	0.0011002	0.00094676	0.0010934	0.0015401	0.00080424	0.01096	0.001237
Plcxd2	0.0012191	0.0045334	0.0087269	0.0013348	0.011266	0.0011524	0.0010435	0.0088603	0.0039897	0.0017431	0.011176	0.011315	0.0079376	0.0059187	0.017389	0.015753	0.010679	0.0037107	0.0043124	0.005224	0.010648	0.0050959	0.0046482	0.0033503	0.0040706	0.0016517
Plcxd3	0.00079549	0.0025362	0.011441	0.0012704	0.0071546	0.00040303	0.002006	0.0042122	0.0021093	0.0011685	0.0053784	0.011464	0.003761	0.0056549	0.012819	0.0044513	0.010918	0.0090077	0.013725	0.0032947	0.0036867	0.0043525	0.0029863	0.0018708	0.010172	0.001355
Plekha2	0.0095905	0.0012695	0.00076101	0.00077174	0.0038887	0.0089623	0.01673	0.00048402	0.0046393	0.015156	0.002324	0.00072624	0.0018345	0.0020054	0.00058803	0.001306	0.0033309	0.0037392	0.0016744	0.012245	0.0012043	0.0071101	0.0093926	0.012799	0.0011957	0.0074582
Pln	0.008457	0.00020179	0.00018112	8.2734e-05	6.2879e-05	0.0016224	7.472e-05	0.00010867	0.00021258	0.00020138	0.00010001	0.00015041	0.00011539	0.00011419	8.5098e-05	9.1362e-05	0.0005339	0.00049491	0.00014006	0.00023496	0.00014576	0.00017293	0.00032632	0.001031	0.0095993	0.0010557
Pou3f1	0.00029277	0.00097281	0.00077132	0.016606	0.00032248	8.9e-05	0.00037771	0.00018923	0.00090917	0.00046473	0.0041641	0.00070311	0.0029358	0.0016685	0.010725	0.0028906	0.0033137	0.00095806	0.0015517	0.0012361	0.00078455	0.0077278	0.0071629	0.00085356	0.00017764	0.00033948
Ppp1r1b	0.0017156	0.0092834	0.0019916	0.0044694	0.0031935	0.020789	0.002774	0.003439	0.0025894	0.013345	0.00955	0.0016083	0.0050499	0.007071	0.0071765	0.0081661	0.0042076	0.009122	0.018762	0.004077	0.0024706	0.0025982	0.004433	0.0022705	0.0026533	0.0036069
Prdm8	0.00057603	0.0019631	0.0017606	0.0031556	0.016974	0.00034691	0.0163	0.0012896	0.0016059	0.0011957	0.00024997	0.00083634	0.0092045	0.010268	0.0070193	0.011856	0.0027405	0.003364	0.00030397	0.0026244	0.0023503	0.0023562	0.0014279	0.0014788	0.00073154	0.00085742
Prox1	0.0014201	0.0056564	0.0016348	0.0010864	0.0012703	0.00054781	0.019532	0.014693	0.0020395	0.0089273	0.006821	0.00288	0.0011481	0.00092782	0.0011198	0.00070266	0.00058951	0.00069175	0.00092161	0.0048953	0.013137	0.0056724	0.023241	0.0023199	0.011879	0.0041357
Prph	0.0064093	0.0014801	0.00020698	0.00021225	0.00032813	0.0010289	0.00035658	0.0011653	0.0026215	0.0088862	0.00055426	0.0011053	0.00024467	0.00054415	0.0053974	0.00019534	0.00030106	0.00036169	0.00017376	0.00057215	0.00048293	0.00060381	0.00056508	0.0017032	0.0003844	0.0036911
Prr16	0.00070189	0.0018815	0.0023993	0.00049678	0.00041315	0.00045369	0.0020963	0.0024932	0.0010974	0.0018538	0.00077548	0.0046946	0.0060566	0.004681	0.0031045	0.010615	0.0042938	0.0011867	0.0034144	0.0013904	0.0023703	0.002745	0.0012039	0.0008925	0.0006981	0.0012521
Prss35	0.0002763	0.0012069	0.0003604	0.00044427	0.0072518	0.00027404	0.00026417	0.00041632	0.00035039	0.00039217	0.00032197	0.00051723	0.00062598	0.00077458	0.00023702	0.00034353	0.0010898	0.0026561	0.00033394	0.00054112	0.00045647	0.00080831	0.00062152	0.00028374	0.00026873	0.00045496
Pthlh	0.0014474	0.00025618	0.0036546	0.0003434	0.00030266	0.0032477	0.00016287	0.00041846	0.00051314	0.00040081	6.3999e-05	0.0011646	0.00031146	0.00024757	0.00017375	0.00029598	0.00021138	8.6007e-05	0.00037184	0.00030072	0.0030068	0.00029325	0.00029485	0.00024298	0.00024812	0.0016808
Pvalb	0.00061713	0.0021344	0.012394	0.002057	0.0020569	0.00032325	0.0010704	0.0038416	0.0022837	0.0034674	0.00069512	0.0035832	0.0017644	0.0011334	0.012361	0.0029304	0.0030632	0.0016217	0.00071018	0.0025497	0.0015824	0.0018075	0.0029519	0.0019131	0.017573	0.00065707
Rab3b	0.00061991	0.0027643	0.017023	0.0022985	0.0016215	0.0004049	0.0013379	0.0025525	0.0017715	0.0019098	0.0020859	0.007605	0.0026392	0.0040897	0.0050467	0.0017675	0.0049983	0.0065595	0.0071351	0.0030294	0.012071	0.0031633	0.0036404	0.001524	0.0014085	0.0012783
Rasgrf2	0.0045088	0.0039177	0.014495	0.0017501	0.0044837	0.0015584	0.016796	0.0049879	0.003947	0.0034573	0.0014306	0.012962	0.010591	0.014603	0.00068068	0.013356	0.0064213	0.0031417	0.011766	0.0062947	0.013918	0.0044844	0.0030589	0.0028853	0.0031799	0.0019044
Rasl10a	0.00029129	0.00098148	0.0013312	0.010732	0.0062149	0.00041362	0.014741	0.0033696	0.00097985	0.0024736	0.00035427	0.0011735	0.0038478	0.0075844	0.00010698	0.0031518	0.006493	0.0075058	0.0028223	0.0018017	0.0018703	0.0013072	0.00086075	0.00071106	0.00050703	0.00048265
Rbp4	0.0017878	0.00057803	0.0086019	0.00049011	0.00041694	0.0014588	0.00082629	0.00065894	0.00050963	0.00060932	0.00022101	0.0017542	0.0012241	0.0013123	0.0096102	0.0023342	0.0033464	0.0014082	0.0021175	0.00081079	0.0022231	0.0011987	0.00059206	0.00041337	0.0010001	0.0048981
Rfx4	0.0021494	0.020104	0.00080103	0.00063814	0.0012335	0.00034995	0.0010439	0.00078031	0.0019621	0.014421	0.0035958	0.001308	0.00078908	0.00076004	0.00065519	0.00092328	0.00069815	0.00058318	0.0053775	0.0022926	0.00095385	0.0067787	0.0024173	0.0017159	0.0010287	0.0053574
Rims3	0.0020916	0.0079187	0.011526	0.0015281	0.0016034	0.0011829	0.001973	0.016066	0.0067011	0.003864	0.0099616	0.013534	0.008112	0.0072692	0.016252	0.016378	0.0095094	0.0083077	0.0088075	0.0082594	0.014589	0.0069517	0.0075593	0.0059066	0.0081075	0.0030595
Rmst	0.0034441	0.020574	0.0027562	0.0014166	0.0017315	0.015759	0.0016694	0.0088216	0.0056077	0.020751	0.01164	0.014252	0.0068789	0.0045829	0.0019211	0.006683	0.00473	0.0029023	0.0028124	0.0063159	0.0027158	0.0046216	0.0068211	0.0055287	0.0048491	0.0067342
Rnf152	0.008965	0.0017899	0.0054697	0.0017052	0.0015755	0.017324	0.00096045	0.013334	0.0031432	0.0054203	0.0065266	0.0082745	0.0043337	0.0014279	0.0027426	0.0018175	0.0042518	0.009599	0.0027829	0.0022263	0.0042039	0.0031795	0.0038045	0.0066649	0.0097521	0.0053126
Ror1	0.0035658	0.0012173	0.00024578	0.0066261	0.00026179	0.0084891	0.00284	0.00089859	0.00035398	0.001605	0.0026171	0.00068435	0.00090412	0.00080214	2.8791e-05	0.00015309	0.00055313	0.00040009	0.00095597	0.00040326	0.00070804	0.0011107	0.00046081	0.0066351	0.00029046	0.0034774
Rorb	0.0037922	0.020044	0.0030894	0.0013592	0.003141	0.00067923	0.0018355	0.012981	0.0057529	0.0075157	0.0027433	0.0044761	0.0025174	0.0046584	0.0017142	0.016377	0.0045204	0.0018814	0.0024445	0.0063193	0.0030339	0.0059008	0.0056815	0.0063338	0.0071674	0.0067274
Rprm	0.00048348	0.0019618	0.0016625	0.00043161	0.00043987	0.00072075	0.0092623	0.001289	0.0015526	0.0034061	0.0054378	0.0041489	0.0064638	0.00667	0.00037692	0.0027443	0.005836	0.011626	0.0013665	0.0027146	0.0029094	0.0070195	0.001782	0.0014086	0.0014536	0.00077835
Rspo1	0.00051636	0.0010589	0.00086289	0.00019261	0.0005	0.00026054	0.00019829	0.00083421	0.00077816	0.00065051	0.0011577	0.0018959	0.0020569	0.0020624	0.013606	0.0090926	0.00085294	0.00085184	0.00027443	0.0014134	0.001231	0.00078797	0.00074191	0.00066955	0.00032038	0.0011966
Rspo2	0.00063849	0.00050242	0.0026258	0.00061548	0.007575	0.00062673	0.00027722	0.00016395	0.00043128	0.0018605	0.0002239	0.001334	0.0034777	0.0012363	0.00094916	0.0014865	0.0065466	0.004792	0.00019018	0.00086019	0.0015519	0.0006841	0.0006616	0.00038549	0.00027592	0.0025125
Rxfp1	0.00012257	0.00036188	0.00079374	0.00025652	0.00018348	9.0002e-05	8.0141e-05	0.0013585	0.00032361	0.00026328	0.0001129	0.0010089	0.00094645	0.00058549	0.00067055	0.00022603	0.0052717	0.0070902	0.0014274	0.0010275	0.0033704	0.000421	0.00057639	0.0002984	4.2367e-05	0.00020699
Satb2	0.00077994	0.0020634	0.0028772	0.0081177	0.00025213	0.0010088	0.00024484	0.00037381	0.0023432	0.00066948	0.00023447	0.00031823	0.0071168	0.0069086	0.014811	0.014675	0.012733	0.012129	0.00030353	0.0037493	0.0022804	0.0019625	0.0019776	0.0021759	0.00026763	0.00080867
Sdk2	0.0010462	0.0031175	0.0021045	0.0023167	0.0060361	0.0005178	0.0039728	0.011308	0.0011828	0.0081758	0.0039071	0.0052703	0.003789	0.0026125	0.0015323	0.0013921	0.0088925	0.011348	0.0036278	0.0018815	0.0058873	0.0021939	0.002561	0.0015334	0.0014723	0.0018421
Sema3a	0.0015617	0.0013681	0.0072025	0.0021278	0.00026109	0.00043259	0.00096382	0.00071115	0.0012489	0.0015008	0.00045025	0.0034222	0.0055548	0.0093931	0.00064905	0.0099411	0.0049363	0.0081802	0.0088706	0.0021881	0.0019816	0.0021436	0.0013353	0.0010552	0.0017748	0.0066857
Sema3d	0.0019302	0.0005413	0.00095259	0.00016522	0.001864	0.00052053	0.00017081	0.00022732	0.00050148	0.00067264	0.0035107	0.0023858	0.00085938	0.0006349	0.00019621	0.00052152	0.0013231	0.00062011	0.00042199	0.00067077	0.00038841	0.014931	0.0052488	0.00057932	0.00038956	0.0074015
Sema3e	0.00074995	0.0014474	0.0047189	0.016876	0.015425	0.001581	0.0029645	0.0035802	0.0011747	0.0066094	0.010893	0.002575	0.0014544	0.00087899	0.00096989	0.0017038	0.0086078	0.0069142	0.011758	0.0019577	0.0063717	0.0041044	0.0025947	0.00094655	0.010898	0.0011483
Sema5b	0.00053114	0.0032566	0.0011162	0.00041855	0.0047476	0.00014637	0.0040877	0.0021206	0.00051974	0.0047599	0.00034123	0.0027971	0.00048553	0.00076951	0.00027616	0.00053721	0.0029022	0.0073036	0.0037559	0.00080941	0.0041542	0.01126	0.00092957	0.00056109	0.0020978	0.00066867
Sema6a	0.0092353	0.0089134	0.0064473	0.0014623	0.002315	0.0040202	0.001892	0.012071	0.014227	0.010421	0.01095	0.0075449	0.0043197	0.0052558	0.009698	0.0058782	0.0031765	0.0033478	0.0035684	0.0036767	0.0093552	0.013421	0.024887	0.0070788	0.0099468	0.0073599
Shisa6	0.00057928	0.0026375	0.0031755	0.014252	0.015677	0.0010236	0.010351	0.0078959	0.0011939	0.0022402	0.0010143	0.0019206	0.0031589	0.0021852	0.00243	0.002347	0.0009549	0.002588	0.00074194	0.0020106	0.0039553	0.0026287	0.0014012	0.001312	0.00046165	0.00072823
Siglech	0.0010408	0.001464	0.00086879	0.00073889	0.00069818	0.00090654	0.00095386	0.00060497	0.0017141	0.001406	0.00068731	0.00072237	0.00081739	0.00086351	0.0007217	0.00072477	0.00071054	0.00075073	0.0010478	0.028257	0.0009856	0.0012783	0.0023724	0.0022207	0.00075805	0.0023364
Sipa1l3	0.0043705	0.0066567	0.0071923	0.016965	0.016911	0.013824	0.015068	0.0091583	0.0050326	0.008685	0.0036934	0.0074515	0.007564	0.0067483	0.0062401	0.0044491	0.0062457	0.004157	0.0053118	0.0051781	0.0061068	0.0049124	0.0080341	0.0050712	0.0083203	0.0034582
Sla	0.00055742	0.00027849	0.00071439	0.00020491	0.00015816	0.00047091	0.00011226	9.1037e-05	0.00044854	0.00029126	7.9437e-05	0.00026321	0.00022084	0.0012443	0.00011071	0.00013567	0.00038339	0.0051254	0.00020362	0.012484	0.00051681	0.00036789	0.00061274	0.00061889	0.00027761	0.0013445
Slc13a4	0.0082887	0.00087803	0.00048417	0.00070784	0.00069081	0.022411	0.0006008	0.00082668	0.00051221	0.0056429	0.00072333	0.000625	0.00046461	0.00049344	0.00083316	0.00045282	0.00051759	0.0005062	0.00061838	0.00069142	0.00061016	0.00061229	0.00094145	0.00059055	0.00055443	0.019172
Slc17a6	0.0012871	0.0041854	0.001627	0.0019812	0.001649	0.00072144	0.0013151	0.016765	0.0034476	0.0019674	0.019072	0.012244	0.011168	0.0054239	0.003909	0.0096025	0.0041655	0.0038853	0.00073848	0.0042854	0.0016757	0.0037344	0.0053883	0.0030697	0.0018111	0.001739
Slc17a7	0.0026749	0.0093025	0.0082268	0.019356	0.021154	0.0011609	0.018053	0.011065	0.0092381	0.002539	0.013126	0.00098289	0.015899	0.016854	0.016121	0.017763	0.017072	0.018017	0.0013787	0.012791	0.0081908	0.0079791	0.0073695	0.0077293	0.0010438	0.0034845
Slc39a12	0.0038941	0.025204	0.0018112	0.0014927	0.0032356	0.020029	0.0010273	0.0018069	0.0050899	0.016778	0.0036944	0.0030518	0.0028902	0.0028795	0.0020417	0.0024136	0.0017357	0.0014436	0.0020102	0.0067722	0.0019303	0.0028002	0.004239	0.0050375	0.0019069	0.0070077
Slc44a5	0.00031333	0.00098209	0.0069508	0.0073304	0.010322	0.00027265	0.014192	0.0010949	0.0019761	0.0025111	0.0037977	0.0048309	0.0069459	0.0050342	0.0017308	0.0015239	0.0034186	0.0023635	0.003313	0.0012405	0.0097218	0.0058288	0.00086013	0.00082832	0.013381	0.00056729
Slc6a3	6.2995e-05	0.00013009	0.00010494	0.00018893	0.00018101	9.1294e-05	0.00015929	7.3109e-05	7.0157e-05	7.2899e-05	0.00027835	0.00047709	9.1642e-05	0.00012206	8.5403e-05	6.4079e-05	8.3353e-05	6.7897e-05	8.2521e-05	0.00010301	0.00010362	0.00037678	0.00010045	0.00015951	9.3539e-05	0.00015011
Slfn5	0.0082707	0.00033245	0.00013429	0.00026236	0.00052536	0.0028197	0.00014058	0.00015472	0.012079	0.00017904	0.00021485	0.00018185	0.0001912	0.00017955	0.00010703	0.00018779	0.00018158	0.00016004	0.00015849	0.0010157	0.00017671	0.00035376	0.00050398	0.0073606	0.00010922	0.0017405
Slit2	0.0021748	0.00328	0.0091436	0.0023168	0.014563	0.01076	0.003222	0.00045891	0.0019009	0.011323	0.013012	0.0090474	0.0084076	0.0083867	0.014488	0.011528	0.0095301	0.0045062	0.014293	0.0030522	0.0018511	0.0037272	0.0021404	0.0014823	0.0041526	0.0068382
Sncg	0.0061506	0.00095299	0.00094947	0.00071807	0.00099133	0.0038945	0.00080431	0.0017658	0.00086544	0.010489	0.013158	0.0035648	0.0010437	0.00079594	0.00093925	0.00072591	0.001028	0.00099345	0.00089734	0.00077601	0.0027273	0.00094357	0.0010924	0.0016903	0.0011213	0.0012557
Sntb1	0.003841	0.0013349	0.00069265	0.0013894	0.00089676	0.01369	0.00031168	0.0065361	0.00067111	0.0012841	0.0019789	0.00069355	0.00016319	0.00024732	0.00013986	0.00018166	0.00065112	0.00032423	0.00029503	0.00049351	0.00098532	0.00035029	0.00044891	0.012775	0.00026143	0.0011445
Sorcs3	0.00036739	0.0016457	0.0027141	0.015313	0.0057149	0.00018762	0.0030832	0.0083504	0.0014904	0.0013955	0.0042419	0.0086244	0.0078519	0.0083315	0.0060772	0.0063979	0.0088462	0.005552	0.008498	0.0022288	0.012119	0.0083447	0.0032487	0.001233	0.00069925	0.00073973
Sox10	0.00055709	0.0015056	0.00062306	0.00043843	0.00033058	0.0001895	0.00045269	0.00076199	0.0011779	0.0016675	0.0017916	0.0010257	0.00053723	0.00044963	0.00076198	0.00047599	0.00053465	0.00058913	0.00093196	0.001572	0.00063828	0.017701	0.028619	0.0016297	0.00096089	0.0007416
Sox11	0.00098252	0.0070802	0.0053286	0.0040703	0.0045961	0.0011091	0.011271	0.009435	0.0025311	0.0099994	0.0045963	0.0080808	0.0079422	0.0091665	0.0028216	0.0048063	0.0051594	0.0075841	0.013113	0.0039512	0.0070995	0.0095009	0.0027346	0.0020466	0.0089048	0.0018995
Sox17	0.012966	0.00030965	0.00017593	0.00026871	0.00058455	0.00085041	0.00019614	0.00011551	0.019845	0.0001306	0.0001768	0.0001639	0.0002175	0.00020872	0.00017169	0.00021166	0.00015033	0.00013115	0.00017247	0.00051573	0.00015853	0.0003304	0.00045064	0.0041153	0.00022098	0.00063202
Spag16	0.00045001	0.00080255	0.00026449	0.00021	0.00022932	0.016253	0.00019057	0.00020211	0.00023622	0.019404	0.0020007	0.0011243	0.00026047	0.00024806	5.61e-05	0.00017378	0.00053864	0.00036461	0.00034017	0.00049119	0.00032875	0.00034412	0.00049282	0.000282	0.00015751	0.00090348
Spi1	0.00095088	0.00040839	0.00040472	0.00035875	0.00036231	0.00055986	0.00025972	0.00022471	0.00061073	0.00048433	0.00029651	0.0003088	0.0003136	0.0003233	0.00049228	0.00028964	0.00029114	0.00031283	0.0004383	0.017546	0.00031901	0.00050649	0.00085222	0.00089293	0.00046226	0.0019384
Spp1	0.0097756	0.00040426	0.00096659	0.00030806	0.00031478	0.0026499	0.00016394	0.00053777	0.00062382	0.00056	0.000384	0.0009504	0.00040833	0.0003367	0.00031416	0.00019802	0.00021545	0.00018745	0.00024049	0.00055218	0.00032816	0.00026797	0.00041958	0.0045259	0.0044948	0.01535
Sst	3.1724e-05	0.0001988	0.0067599	2.7941e-05	0.00012192	2.5304e-05	1.9714e-05	3.0977e-05	0.00014756	8.0064e-05	0.00051751	0.00080359	0.00010075	0.00010876	0.00014686	0.00012842	0.00015791	0.00013835	0.00011397	0.00032683	0.00043522	0.00028837	0.00028112	0.00013839	0.0070292	6.7245e-05
Stard5	0.0030376	0.0042973	0.0038695	0.0030036	0.0066965	0.0046398	0.0043489	0.002664	0.0020905	0.0024974	0.0010108	0.0042084	0.00098949	0.00061004	0.0030969	0.00078217	0.002204	0.0026631	0.0018571	0.0023815	0.0015134	0.0020431	0.0023785	0.0023429	0.002748	0.0025064
Strip2	0.00055785	0.001573	0.002251	0.011505	0.010319	0.02042	0.00072773	0.0071769	0.00098499	0.0027686	0.00083958	0.003969	0.0028031	0.004667	0.00071203	0.0035134	0.0021415	0.0035587	0.011084	0.0015253	0.0027593	0.0011917	0.0016056	0.000906	0.0092908	0.00098897
Syndig1	0.00047932	0.0025781	0.0057138	0.0092114	0.011187	0.00025178	0.010954	0.0094316	0.0016181	0.00051186	0.00033363	0.0040227	0.0067567	0.0063857	0.0027925	0.011973	0.0079744	0.0037889	0.0097951	0.0026003	0.0033919	0.0024597	0.0018992	0.0013318	0.0048261	0.00065044
Syt17	0.00045014	0.0026288	0.003948	0.0019819	0.00046919	0.003278	0.0088692	0.0046525	0.0011867	0.0018577	0.0043961	0.0037707	0.0053425	0.0075647	0.00032724	0.0025922	0.0045526	0.00059864	0.00020713	0.0018582	0.0033224	0.0019873	0.0012395	0.00095926	0.0018426	0.00096304
Syt2	0.00036105	0.0013809	0.0081027	0.0013445	0.0034954	0.00020266	0.00094034	0.0036856	0.001319	0.00058126	0.0023411	0.0061257	0.0042196	0.0023673	0.0071872	0.0045435	0.0055669	0.0045489	0.002156	0.0014732	0.0026399	0.0010335	0.0019842	0.001073	0.0071932	0.00040321
Syt6	0.00060499	0.0013097	0.0016215	0.00045757	0.0004134	0.00057934	0.00057584	0.00049735	0.0010942	0.0015856	0.016717	0.0051204	0.00052281	0.00053332	0.00066826	0.00047787	0.0012604	0.010182	0.011425	0.0017045	0.004528	0.0041702	0.0017576	0.00097222	0.0016342	0.00096634
Tacr1	0.00012934	0.00029003	0.0015986	0.00018908	0.00011075	8.3828e-05	0.00019103	0.00064349	0.00024551	0.00064125	0.0084697	0.002652	0.00070412	0.0015554	0	8.8717e-05	0.0004995	0.00021508	0.00053865	0.00033604	0.00086546	0.00044145	0.00032571	0.00016784	0.00028965	0.00027796
Tanc1	0.0065799	0.0028827	0.0032377	0.014248	0.016269	0.0037298	0.01531	0.013151	0.0079252	0.0036436	0.0040134	0.0021651	0.0053986	0.0042274	0.0068968	0.0038744	0.0030887	0.0013451	0.0010052	0.0022856	0.0018532	0.0075173	0.014057	0.0039694	0.0069348	0.0055745
Th	7.5827e-05	0.00019115	0.00055116	0.00014651	0.00013248	0.00018441	7.0781e-05	9.6862e-05	0.00012578	0.0002795	0.0015173	0.00070102	0.00012818	0.00013466	7.9606e-05	0.0001276	0.00013559	0.00013398	0.00015632	0.00013613	0.00019476	0.00017742	0.00013799	0.00012195	0.00041477	0.00016913
Thsd7a	0.0030762	0.0040852	0.011198	0.0040085	0.0042319	0.0073185	0.014507	0.011123	0.0024475	0.0023901	0.017149	0.0065053	0.0043852	0.0066104	0.015664	0.0092374	0.00179	0.00056734	0.0051835	0.0027252	0.0086767	0.007706	0.0090767	0.0048518	0.0051272	0.0029851
Tle4	0.0053421	0.015801	0.0075415	0.0063645	0.011112	0.012107	0.011248	0.0050849	0.0057628	0.010803	0.0097866	0.0095556	0.0066216	0.0057112	0.0049782	0.0055958	0.0068319	0.015036	0.006064	0.0093002	0.0042759	0.0090292	0.0099814	0.0042268	0.0057334	0.0070783
Tmem132d	0.00047317	0.0018026	0.0094937	0.0076236	0.00068402	0.00019827	0.00063977	0.0038207	0.0018187	0.00043592	0.00041585	0.0037636	0.0060025	0.010166	0.0058811	0.013365	0.010038	0.010415	0.0083556	0.0030922	0.0046087	0.010388	0.003409	0.0015192	0.00073298	0.00069666
Tmem163	0.00048548	0.0019079	0.0010288	0.00054376	0.00077051	0.00018771	0.00046367	0.013766	0.0017432	0.0012528	0.010908	0.0093606	0.0034734	0.003224	0.0019937	0.0015056	0.0044235	0.0054103	0.0012915	0.0023326	0.0011626	0.011385	0.014767	0.0015016	0.00065496	0.00085304
Tmem255a	0.00069153	0.0028575	0.0043171	0.0015432	0.0016537	0.0013566	0.0037502	0.0029429	0.0013948	0.0022204	0.008078	0.011457	0.0074375	0.0046154	0.0011897	0.0020978	0.0018324	0.0014656	0.0054283	0.0018388	0.0047559	0.011159	0.0021246	0.0014014	0.012789	0.0017546
Tox	0.0011608	0.0089077	0.0047548	0.00057324	0.00055133	0.0038725	0.00061798	0.0098841	0.0015566	0.0066473	0.0026034	0.0059135	0.0088198	0.0027849	0.0017058	0.002271	0.008507	0.004945	0.0035096	0.0025398	0.0029361	0.0071927	0.0028041	0.0016058	0.0030928	0.0019575
Trbc2	0.00010255	0.00017134	0.00040297	9.7087e-05	0.00015221	8.1114e-05	0.00010119	0.00044016	0.00026211	5.8389e-05	7.9297e-05	0.00030806	0.00031065	0.00015699	0.0015283	0.0011798	0.0021825	0.0049709	7.0694e-05	0.00046319	0.00020875	0.00021449	0.00029948	0.00022697	9.4007e-05	0.00017602
Trem2	0.0015736	0.0011148	0.00088744	0.00081112	0.00057619	0.001236	0.00088804	0.00048976	0.0014471	0.0014388	0.00064336	0.00055155	0.00090703	0.0011329	0.0012309	0.00095974	0.0010768	0.0015551	0.00062057	0.027579	0.0008307	0.001057	0.0019979	0.0019241	0.00053955	0.003793
Trp73	0.00015576	0.00018223	0.00011454	0.00075028	0.0033647	0.0076591	0.00038847	0.00089771	0.00013439	0.01085	0.0002913	0.00041796	0.00018096	0.00019507	0.00025304	0.00015384	0.00016028	0.00018848	0.00020298	0.0001844	0.00011441	0.00012828	0.00022954	0.00011197	0.0001009	0.00019779
Trpc4	0.0011517	0.00083551	0.010006	0.015665	0.012325	0.00029044	0.012047	0.00070405	0.0010221	0.0013442	0.0063387	0.0042715	0.007762	0.0051622	0.011602	0.0064157	0.0067419	0.0031842	0.002716	0.0013663	0.0081097	0.00133	0.00081653	0.012555	0.00066541	0.00054799
Unc13c	0.00095787	0.0046842	0.0023723	6.5327e-05	0.00032853	0.00032503	0.00024456	0.0050875	0.0031743	0.0073596	0.0018642	0.0050735	0.0023556	0.0017895	0.000936	0.00076888	0.00093368	0.00044308	0.0050821	0.0030166	0.00086189	0.0046783	0.0038778	0.0068976	0.0087634	0.001844
Vat1l	0.0012053	0.0033588	0.0062296	0.00040468	0.00052193	0.023061	0.00064223	0.0039823	0.0023992	0.0064052	0.017124	0.013775	0.0058259	0.0069515	0.0097385	0.0027717	0.0068843	0.002266	0.013031	0.0037274	0.0071671	0.0091438	0.0038829	0.0020827	0.016319	0.0019267
Vip	0.00043602	0.0009005	0.00077317	0.00085885	0.00047552	0.0002163	0.00037436	0.00030946	0.0006947	0.00052072	0.00033934	0.00057082	0.0010038	0.0010152	0.00084908	0.00077523	0.00047395	0.00043154	0.00037881	0.0011749	0.0072964	0.00073337	0.00083992	0.0006199	0.00045812	0.00047772
Vwc2l	0.00090854	0.0022529	0.0018753	0.00060362	0.00083601	0.0018694	0.00060586	0.0088408	0.0016688	0.0034782	0.0020273	0.0062004	0.0026934	0.002238	0.0041448	0.0016065	0.0037576	0.0023876	0.0035536	0.0023448	0.0033382	0.0021182	0.0051668	0.0015334	0.0023704	0.0011472
Wfs1	0.0035289	0.011871	0.0035415	0.017657	0.0022488	0.0071805	0.0022399	0.0052694	0.0034585	0.006228	0.0036023	0.0061398	0.0072533	0.010538	0.0019468	0.0036247	0.00344	0.0024683	0.01807	0.0052102	0.0030871	0.004152	0.0045791	0.0046563	0.013174	0.0054958
Zfp366	0.0064719	0.00032668	0.00020102	0.00022604	0.00033297	0.0011897	0.00041252	0.00014065	0.013699	0.00018074	0.00018158	0.00023907	0.00018201	0.000196	0.00025296	0.00019874	0.00014576	0.00013172	0.00018277	0.00050114	0.00018946	0.00042837	0.00047808	0.0043485	0.00014736	0.0006656
Zfp536	0.0029171	0.0028681	0.011595	0.0014414	0.0019956	0.013304	0.0103	0.001412	0.0018674	0.0039885	0.010349	0.0069811	0.0015326	0.0041555	0.0011602	0.0014257	0.0009176	0.0010159	0.00071918	0.00249	0.015758	0.0087125	0.02635	0.0021079	0.008297	0.0089529
Zfpm2	0.00049194	0.0039856	0.0027848	0.001124	0.0060047	0.00038497	0.010773	0.00093722	0.00078211	0.0028509	0.00048675	0.0022262	0.0081176	0.0039635	0.0076431	0.00086542	0.002215	0.0090645	0.00062665	0.0011519	0.0016792	0.0037338	0.0018388	0.00075957	0.010042	0.001248
